Email Type,Email
To,ecdsa-sha2-nistp384-cert-v01@openssh.com
To,hmac-sha2-512-etm@openssh.com
To,Whmac-sha2-256-etm@openssh.com
To,sntrup761x25519-sha512@openssh.com
To,umac-128-etm@openssh.com
To,umac-128@openssh.com
To,sk-ecdsa-sha2-nistp256@openssh.com
To,ssh-rsa-cert-v00@openssh.com
To,sk-ssh-ed25519@openssh.com
To,rijndael-cbc@lysator.liu.se
To,ecdsa-sha2-nistp521-cert-v01@openssh.com
To,ecdsa-sha2-nistp256-cert-v01@openssh.com
To,ssh-rsa-cert-v01@openssh.com
To,zlib@openssh.com
To,hmac-sha2-256-etm@openssh.com
To,curve25519-sha256@libssh.org
To,lchacha20-poly1305@openssh.com
To,aes256-gcm@openssh.com
To,umac-64-etm@openssh.com
To,aes128-gcm@openssh.com
To,kex-strict-c-v00@openssh.com
To,kex-strict-s-v00@openssh.com
To,hmac-ripemd160@openssh.com
To,hmac-sha1-etm@openssh.com
To,Gssh-ed25519-cert-v01@openssh.com
To,umac-64@openssh.com
From,ecdsa-sha2-nistp384-cert-v01@openssh.com
From,hmac-sha2-512-etm@openssh.com
From,Whmac-sha2-256-etm@openssh.com
From,sntrup761x25519-sha512@openssh.com
From,umac-128-etm@openssh.com
From,umac-128@openssh.com
From,sk-ecdsa-sha2-nistp256@openssh.com
From,ssh-rsa-cert-v00@openssh.com
From,sk-ssh-ed25519@openssh.com
From,rijndael-cbc@lysator.liu.se
From,ecdsa-sha2-nistp521-cert-v01@openssh.com
From,ecdsa-sha2-nistp256-cert-v01@openssh.com
From,ssh-rsa-cert-v01@openssh.com
From,zlib@openssh.com
From,hmac-sha2-256-etm@openssh.com
From,curve25519-sha256@libssh.org
From,lchacha20-poly1305@openssh.com
From,aes256-gcm@openssh.com
From,umac-64-etm@openssh.com
From,aes128-gcm@openssh.com
From,kex-strict-c-v00@openssh.com
From,kex-strict-s-v00@openssh.com
From,hmac-ripemd160@openssh.com
From,hmac-sha1-etm@openssh.com
From,Gssh-ed25519-cert-v01@openssh.com
From,umac-64@openssh.com
URL,http://www.w3.org/1999/xhtml
URL,http://www.w3.org/TR/xhtml1/DTD/xhtml1-transitional.dtd
URL,https://httpd.apache.org/docs/2.4/mod/mod_userdir.html
URL,https://bugs.launchpad.net/ubuntu/+source/apache2
URL,http://schemas.xmlsoap.org/soap/envelope/
URL,https://launchpad.net/bugs/1966004
URL,http://www.macromedia.com/2005/amfx
URL,https://nmap.org/book/nse.html)
URL,http://apache.org/dav/props/
URL,http://www.w3.org/2001/XMLSchema
URL,http://www.w3.org/2001/XMLSchema-instance
URL,http://www.w3.org/TR/html4/strict.dtd
Filename,Telerik.Web
Filename,settings.cdb
Filename,acidcat_3.mdb
Filename,users.mdb
Filename,div.tab
Filename,ɟj.ߞb
Filename,dblog.mdb
Filename,AddressBook.sqlitedb
Filename,W0iݖ.Ob
Filename,README.Deb
